question,тақырып,таңдаулар,жауап,sheet
 Жағалаудағы мемлекеттер өз порттарындағы шетелдік кемелерге қатысты қылмыстық юрисдикциясын қашан жүзеге асырады?, халықаралық құқық,"['Порт штаттары, әдетте, өздерінің кеден заңдарын бұзбайтын немесе бейбітшілік пен қоғамдық тәртіпті бұзбайтын қылмыстарға қатысты қылмыстық юрисдикциясын қолданбайды.' 'Порт штаттары өз юрисдикциясын заңсыз кемелердің барлық істерінде қолданады' 'Порт штаттары өз юрисдикциясын тек есірткі саудасы сияқты өте ауыр қылмыстарға қатысты ғана қолданады' 'Порт штаттары кез келген шетелдік кемеге қатысты өз юрисдикциясын қолдануға құқылы емес.']",0,Sheet1
 Предикат логикасына ең жақсы аударманы таңдаңыз: Кейбір спортшылар жарақат алмайды., формальды_логика, ['~Ia' '(∃x)(Ax • ~Ix)' '~Ai' '(∃x)(Ix ∨ ~Ax)'],1,Sheet1
"Вендттің үш анархиялық мәдениетін ескере отырып, төмендегілердің қайсысы Локк мәдениетін анықтайды?", қауіпсіздікті зерттеу," [«Кейде өмір сүретін, бірақ үнемі емес, өзін-өзі ұстай алмайтын және актерлер бір-бірінен көмек сұрай алмайтын мәдениет». «Қазіргі заманғы мемлекеттер жүйесінің басынан бері үстемдік етіп келе жатқан және актерлер бір-бірін қарсылас деп санайтын, бірақ зорлық-зомбылықта белгілі бір ұстамдылық танытатын бәсекелестікпен сипатталатын мәдениет». «Қауіпсіздік мәселелерінде ынтымақтастық үшін күш пен зорлық-зомбылықтан бас тартатын достықпен сипатталатын мәдениет». «Өмір сүру әскери күшке сүйенетін, қауіпсіздік дилеммалары көп және қауіпсіздік нөлдік қосынды ойын болып табылатын мәдениет».]",1,Sheet1
"Жақында штаттың заң шығарушы органы «кез келген әдепсіз баспа немесе бейне материалдарды сатуға немесе сатуға ұсынуға» тыйым салатын әдепсіздік туралы заң қабылдады. Жергілікті азаматтар тобының көптеген шағымдарынан кейін полиция ересектерге арналған кітап дүкеніне кіріп, сөрелердегі материалдарды тексеріп, жыныстық қатынастың нақты суреттері бейнеленген журналдарды сатып алды. Кейіннен иесі тұтқындалып, штаттың әдепсіздік туралы заңын бұзды деген айып тағылды. Сот отырысында иесінің қорғауы шағымданған материалдарды сату конституциямен қорғалатын сөз болып табылады деген пікір болды. Төмендегілердің қайсысы, егер дәлелденсе, иесінің қорғауына ең пайдалы болар еді?", кәсіби_құқық,"[‘Қатысқан нақты материалдар қалыпты, девиантты емес, жыныстық мінез-құлықты бейнелеген.’ «Қатысқан нақты материалдар адамның жыныстық құмарлықтарының байыпты ғылыми зерттеулерінен тұрды.’ «Полиция кітап дүкеніне осы әдепсіздікке қатысты қылмыстық қудалауға қатысты нақты материалдарды сатып алу үшін кірген кезде тінту ордері болмаған.’ «Штат азаматтарының 85%-ы жыныстық сипаттағы материалдарды сату қоғамға қарсы жыныстық мінез-құлыққа ықпал етпейді деп санайды.»]",1,Sheet1
"Бірнеше танымал шаңғы курорттары орналасқан штатта шаңғы нұсқаушыларын мемлекеттік сертификаттауды талап ететін заң қабылданды. Заңға сәйкес, сертификаттауға үміткерлер бір айлық курсқа қатысып, тест тапсырып, 1000 доллар көлемінде ақы төлеуі керек. Заңның мақсаты - «штаттың шаңғы аймақтарында шаңғы тебуді оқыту әдістерінің біркелкілігін қамтамасыз ету». Заң қабылданар алдында, штат шаңғы нұсқаушыларын сертификаттауды талап етпеген кезде, бір әйел шаңғы нұсқаушысы болып жұмысқа орналасу ниетімен штатқа көшіп келді. Әйел көптеген жылдар бойы басқа штатта шаңғы нұсқаушысы болып жұмыс істеген. Бірақ ол көшкеннен бері, штаттағы шаңғы курорттары оны жоғары білікті деп тапса да, ешбір курорт оған қажетті мемлекеттік сертификатты алмағандықтан, шаңғы нұсқаушысы ретінде жұмысқа орналасу туралы келісімшарт ұсынбайды. Әйелге қатысты қолданылатын болсақ, штаттың сертификаттау талабы келісімшарттар туралы тармақты бұзу болып табыла ма?", кәсіби_құқық,"[«Жоқ, себебі оның мемлекетпен келісімшарт жасасу мүмкіндігіне нұқсан келтірілмейді.» «Жоқ, себебі оның бұзылып жатқан қолданыстағы келісімшарты жоқ.» «Иә, себебі басқа білікті шаңғы нұсқаушысына қолданылатын талап заңды үкімет мүддесіне рационалды түрде байланысты емес.» «Иә, себебі талап маңызды үкіметтік мақсат болмаған жағдайда оның келісімшарт жасасу мүмкіндігіне айтарлықтай кедергі келтіреді.»]",1,Sheet1
 Паркинсон ауруы мен шизофрениямен қай нейротрансмиттер тығыз байланысты?, орта мектеп психологиясы, ['ацетилхолин' 'допамин' 'серотонин' 'эндорфиндер'],1,Sheet1
 Тапсырманы немесе тапсырмалар тобын жалпы алғанда үлкен адамдар тобына беру процесі келесідей аталады:, маркетинг, ['Әлеуметтік медиа маркетингі.' 'Интернет жарнамасы.' 'Краудсорсинг.' 'Электрондық маркетинг.'],2,Sheet1
 Қартаюдан қорқу жоғары деңгеймен байланысты болды, адам_қартаюы,['Интроверсия' 'Невротизм' 'Ригидизм' 'Орта жас дағдарысы'],1,Sheet1
"Бактерия жасушаларына әсер ететін антибиотиктер, ТЕК БІРЕУІНЕН БАСҚАСЫ, төмендегілердің барлығына әсер етеді", колледж_биологиясы, ['пептидогликан синтезі' 'ақуыз синтезі' 'ДНҚ синтезі' 'кері транскриптаза'],3,Sheet1
" Эмитент емес ұйымның қаржылық есептілігін жасау тапсырмасы кезінде бухгалтер басшылықтың жерді бағалау құны бойынша көрсеткенін және егер БЖАП сақталған болса, жер есебі де, акционерлердің меншікті капиталы да 1 миллион АҚШ долларына айтарлықтай сомаға азаятынын біледі. Бухгалтер стандартты құрастыру есебін өзгерту туралы шешім қабылдайды, себебі басшылық қаржылық есептілікті қайта қарамайды. Мұндай жағдайларда бухгалтер...", кәсіби_бухгалтерлік_есеп,"['GAAP-тан ауытқуға байланысты маңыздылығына байланысты теріс пікір немесе білікті пікір шығару.' ""Бухгалтер есебіне қаржылық есептілікті таратуды тек ішкі пайдалануға шектейтін бөлек абзац қосу."" ""Бухгалтер есебіне GAAP-тан ауытқуды және оның қаржылық есептілікке әсерін ашатын бөлек абзац қосу."" ""Бухгалтер есебіне активтерді тарихи құны бойынша есепке алудың негізгі мақсатын түсіндіретін бөлек абзац қосу.""]",2,Sheet1
 Python тілі туралы келесілердің қайсысы дұрыс?, орта мектеп_компьютер_ғылымы," ['Ол автоматты түрде қоқыс жинауды қолдайды.' 'Оны C, C++, COM, ActiveX, CORBA және Java тілдерімен оңай біріктіруге болады.' 'Жоғарыдағылардың екеуі де.' 'Жоғарыдағылардың ешқайсысы емес.']",2,Sheet1
" Дихромат ионы әрекеттескенде, оның ең көп таралған өнімдерінің бірі - Cr3+. Дихромат ионындағы хромның тотығу дәрежесі (тотығу саны) қандай? Дихромат Cr3+ түзгенде тотықсыздану немесе тотығу жүре ме?", орта мектеп химиясы," ['3+, тотықсыздану' '12+, тотықсыздану' '6+, тотықсыздану' '6+, тотықсыздану']",2,Sheet1
 Төмендегілердің қайсысы бизнес циклінің типтік қысқаруына қатысты?, орта мектеп_макроэкономикасы,"['Тұтыну азайып жатыр, бірақ үй шаруашылығының байлығы артып жатыр.' 'Тұтыну артып жатыр.' 'Жеке инвестициялар артып жатыр.' 'Жұмыспен қамту және инфляция төмен.']",3,Sheet1
" Төмендегі тұжырымдардың барлығы дұрыс, БАСҚАСЫНАН БАСҚАСЫ", орта мектеп_биологиясы, ['тироксин метаболизм жылдамдығын арттырады'' 'инсулин гликогеннің сақталуын азайтады' 'вазопрессин бүйректе судың қайта сіңуін ынталандырады' 'адреналин қандағы қант деңгейін және жүрек соғу жиілігін арттырады'],1,Sheet1
" Егер сіз «қуыршақ ұстаушы» болып жұмыс істесеңіз, қандай салада жұмыс істейсіз?", әртүрлі, ['қой шаруашылығы' 'кино өндірісі' 'құрылыс' 'көшу'],1,Sheet1
"Эриксонның айтуынша, өмірінің соңына өкінішпен қарап, өмірінде толыққандылық болмағанын сезінгендер қиындықтың сәтсіз шешілгенін көрсетеді.", орта мектеп психологиясы, ['жақындық пен оқшаулану' 'бірегейлік пен рөлдік шатасу' 'тұтастық пен үмітсіздік' 'генеративтік пен тоқырау'],2,Sheet1
 Полиомавирустар қандай ауруларды негізінен тудырады?, вирусология, ['Ісік' 'Ми патологиясы' 'Мүлдем ауру жоқ' 'Бүйрек инфекциялары'],2,Sheet1
 1-мәлімдеме | Сызықтық регрессия бағалаушысы барлық бейтарап бағалаушылар арасында ең аз дисперсияға ие. 2-мәлімдеме | AdaBoost құрастырған классификаторларға тағайындалған α коэффициенттері әрқашан теріс емес., машиналық оқыту," ['Шын, Рас' 'Жалған, Жалған' 'Шын, Жалған' 'Жалған, Рас']",3,Sheet1
Ван ден Хааг өлім жазасына кесілген кісі өлтірушінің кінәлі екенін біле алмаймыз деп ойлайды., моральдық_даулар, ['әділ жазаланады.' 'жәбірленушіден гөрі көбірек зардап шегеді.' 'моральдық тұрғыдан тозған.' 'шамадан тыс жазаланады.'],1,Sheet1
" 6,2 г пропанда қанша моль пропан (C3H8) бар?", орта мектеп химиясы," ['14,1 моль' '1,4 × 10^-1 моль' '71 моль' '7,1 моль']",1,Sheet1
 STP процесінің негізгі артықшылығы:, маркетинг,"['Компания ресурстарын мақсатты нарық сегменттеріне тиімдірек және тиімдірек сәйкестендіру, ең үлкен ROMI-ді уәде етеді.' ""Маркетингтік стратегияларға бағыт-бағдар беру және назар аудару арқылы компанияның бәсекеге қабілеттілік позициясын арттыру."" ""Жаңа тұтынушыларды, өсу сегменттерін немесе жаңа өнімді пайдалануды анықтау арқылы нарықтағы өсу мүмкіндіктерін зерттеу және анықтау."" ""Жоғарыда айтылғандардың барлығы.""]",3,Sheet1
"Осы екі сценарийдің қайсысы үшін басты кейіпкер (мен/мен/менің сөздерін қолданатын) 2020 жылғы АҚШ-тағы қарапайым моральдық стандарттарға сәйкес моральдық тұрғыдан дұрыс емес нәрсе жасайды? 1-сценарий | Мен жолға шығып кеткен жануарды қағып кеткім келмеді, сондықтан бұрылып кетіп, оны жіберіп алдым. 2-сценарий | Мен мектептегі тоқаш сатылымында бәліш саттым.", моральдық_сценарийлер," ['Қате, қате' 'Қате, қате емес' 'Қате емес, қате' 'Қате емес, қате емес' 'Қате емес, қате емес']",2,Sheet1
 Химиялық реакция жылдамдығы келесі формуламен анықталады, орта мектеп химиясы, ['тепе-теңдік константасы' 'механизмнің жылдамдығын анықтайтын немесе баяу қадамы' 'реакция ыдысының қысымы' 'бірінші қадамда түзілген аралық өнімдер'],1,Sheet1
" Метрополитен аймағындағы таксилер жылына орта есеппен 75 000 миль жүріп өтеді, стандартты ауытқуы 12 000 миль. Кездейсоқ таңдалған таксидің 80 000 мильден астам жүрілгені белгілі болса, оның 100 000 мильден аз жүріп өткен ықтималдығы қандай? Таксилер арасында жылына мильдердің қалыпты таралуын қарастырайық.", орта мектеп статистикасы, ['0.06' '0.34' '0.66' '0.94'],3,Sheet1
" Бұл сұрақ келесі ақпаратқа қатысты. Қайта құру - біздің социалистік қоғамымыздағы терең даму процестерінен туындайтын шұғыл қажеттілік. Бұл қоғам өзгеріске дайын. Ол оны көптен бері аңсап келеді. Қайта құруды бастаудағы кез келген кідіріс жақын арада ішкі жағдайдың ушығуына әкелуі мүмкін еді, бұл, тікелей айтқанда, күрделі әлеуметтік, экономикалық және саяси дағдарыстарға толы болар еді. Михаил Горбачев, Қайта құру: Еліміз бен әлем үшін жаңа ойлау, 1987 ж. Үзіндіден Горбачевтің былай деп тұжырымдағанын қорытындылауға болады.", орта мектеп_еуропалық_тарихы,"['қайта құру қажеттілігі кеңес қоғамына кенеттен келді', 'қайта құру қажеттілігі асыра сілтеушілікпен айтылды', 'қайта құру қажеттілігі ұзақ уақыт бойы қалыптасып келе жатқан', 'қайта құру уақыты өтті']",2,Sheet1
Саңырауқұлақтар туралы келесі тұжырымдардың қайсысы ДҰРЫСҚА ЕМЕС?, колледж_биологиясы, ['Олардың барлығы эукариоттық.' 'Олардың барлығында қатты жасуша қабырғалары бар.' 'Көпшілігі жіп тәрізді.' 'Кейбіреулері фотосинтетикалық.'],3,Sheet1
Төмендегілердің қайсысы еуроцентризмді ең жақсы сипаттайды?, қауіпсіздікті зерттеу," [«Еуроцентризм – еуропалық қоғамдарды еуропалық емес қоғамдармен салыстырып, әрқайсысының салыстырмалы артықшылықтарын бейтарап салыстыруды жүзеге асыратын талдау стилі». «Еуроцентризм – еуропалық емес қоғамдарды бағалау мен бағалау еуропалықтардың мәдени болжамдары мен бейімділіктері тұрғысынан жүзеге асырылатын ойлау стилі». «Еуроцентризм тек еуропалық саяси немесе экономикалық жүйелерді қарастыратын зерттеулерді немесе ғылыми жұмыстарды сипаттайды». «Осы нұсқалардың барлығы».",1,Sheet1
Лукьянов пен Хайдт американдық колледждер мен университеттер қазір ынталандырады деп тұжырымдайды, моральдық_даулар, ['эмоционалды ойлау.' 'сыни ойлау.' 'рефлексивті ойлау.' 'жоғарыда айтылғандардың барлығы.'],1,Sheet1
" 2020 жылғы жағдай бойынша АҚШ-тағы қарапайым моральдық стандарттарға сәйкес, осы екі сценарийдің қайсысы үшін басты кейіпкер (мен/мен/менің сөзімді қолданатын) моральдық тұрғыдан дұрыс емес нәрсе жасайды? 1-сценарий | Маған ұнайтын пікірталасшы жеңіске жеткісі келді, сондықтан мен оның дәлелдеріне түсіністікпен қарайтын төрешілерді тағайындадым. 2-сценарий | Мен көршіме ілесу үшін радионы қаттырақ қойдым.", моральдық_сценарийлер," ['Дұрыс емес, дұрыс емес' 'Дұрыс емес, дұрыс емес' 'Дұрыс емес, дұрыс емес' 'Дұрыс емес, дұрыс емес']",0,Sheet1
" Белгілі бір реакция стандартты жағдайларда өздігінен жүрмейді, бірақ жоғары температурада өздігінен жүреді. Стандартты жағдайларда қандай қорытындылар жасауға болады?", орта мектеп химиясы," ['ΔH < 0, ΔS < 0 және ΔG = 0' 'ΔH > 0, ΔS < 0 және ΔG > 0' 'ΔH < 0, ΔS < 0 және ΔG > 0' 'ΔH > 0, ΔS > 0 және ΔG > 0']",3,Sheet1
 Эрин 12 пинт шырын жасады. Ол күн сайын 3 кесе шырын ішеді. Эрин өзі жасаған барлық шырынды қанша күнде ішеді?, бастауыш_математика, ['2 күн' '4 күн' '8 күн' '9 күн'],2,Sheet1
 Төмендегілердің ішінде американдық федерализм ең айқын көрінеді:, орта мектеп_үкіметі_және_саясат, ['ұлттық үкіметтің үш тармағының арасындағы тежеулер мен тепе-теңдік жүйесі'''халықаралық шарттардың аяқталу процесі'''Вашингтонның ерекше конституциялық мәртебесі'''Конституцияға оныншы түзету'',3,Sheet1
 Этнографиялық дәлелдер артық тамақ пен әлеуметтік күрделілік арасындағы келесі байланыстардың қайсысын растайды?, тарихқа дейінгі кезең, [«Экономикалық теңсіздік үшін қажетті азық-түлік артықшылығын тек ауыл шаруашылығы мамандары ғана өндіре алады». «Кейбір ресурстарға бай орталар экономикалық теңсіздік пен әлеуметтік күрделілікке әкелуі мүмкін артықшылықтың пайда болуына мүмкіндік береді». «Экономикалық теңсіздіктер әлеуметтік күрделіліктің негізі болып табылады және артық азық-түлік өндірісі үшін толығымен ауыл шаруашылығына тәуелді». «Артық азық-түлік өндірісі экономикалық теңсіздіктің немесе әлеуметтік күрделіліктің дамуында маңызды емес».,1,Sheet1
" Диэлектрлік тұрақтысы 4,0 болатын магниттік емес диэлектрлік материалдың ішіндегі жарық жылдамдығы", колледж_физикасы, ['1.2 * 10^9 м/с' '3.0 * 10^8 м/с' '1.5 * 10^8 м/с' '1.0 * 10^8 м/с'],2,Sheet1
 Оң тізбекті РНҚ вирустары келесі сипаттамалардың қайсысына ие?, вирусология, ['Олардың геномының РНҚ-сын тікелей мРНҚ ретінде аударуға болады' 'Олар өздерінің геномының РНҚ-сын айна бейнесінің көшірмесіне мРНҚ ретінде транскрипциялауы керек' 'Бұл геном дөңгелек' 'Олардың РНҚ геномы сегменттелген'],0,Sheet1
" Тұтынушылардың сенімі артса, тепе-теңдік баға деңгейі мен тепе-теңдік өнім көлемі не болады? Жиынтық ұсыныс қисығының жоғары қарай көлбеу екенін ескеріңіз.", орта мектеп_макроэкономикасы," ['Тепе-теңдік баға деңгейі өседі, ал тепе-теңдік өнім көлемі азаяды.' 'Тепе-теңдік баға деңгейі төмендейді, ал тепе-теңдік өнім көлемі артады.' 'Тепе-теңдік баға деңгейі және өнім көлемі артады.' 'Тепе-теңдік баға деңгейі және өнім көлемі азаяды.'",2,Sheet1
"Тай-Сакс – рецессивті аллель тудыратын ауру. Генетикалық бұзылысы бар адамдар әдетте бірнеше жылдан артық өмір сүрмейді, сондықтан олар көбеюге және генді бере алмайды. Бұл аллель мен онымен байланысты аурудың популяцияда қалай сақталатынын не түсіндірер еді?", орта мектеп_биологиясы, ['Гетерозиготалы адамдарда ешқандай симптомдар болмайды.' 'Спонтанды мутация доминантты аллельді рецессивті түрге айналдырады.' 'Кейде ген оның орнына жеке тұлғаның фитнесін арттырады.' 'Тей-Сакс гомозиготалы рецессивті адамдарда симптомсыз болады.'],0,Sheet1
"72 жастағы ер адам 7 ай бойы аяқтарының әлсіздігі, көз бен ауыздың құрғауы сияқты белгілермен дәрігерге қаралды. Сондай-ақ, тәбетінің өзгермегеніне қарамастан, соңғы 4 айда салмағын 10,4 кг (23 фунт) жоғалтты. Ол 50 жыл бойы күн сайын бір жарым қорап темекі шегеді. Күн сайын 4 унция алкоголь ішеді. Оның асқазан жарасы және эмфиземасы бар. Дәрі-дәрмектерге циметидин, теофиллин және төмен дозалы преднизон кіреді. Тексеру кезінде жеңіл птоз байқалады. Оның кеудесі бөшке тәрізді. Тыныс алу дыбыстары алыс. Аяқ-қолдардың проксимальды бұлшықеттерінің орташа әлсіздігі байқалады. Рефлекстер жоқ. Орындықтан тұру қиындайды. Сенсорлық тексеруде ауытқулар жоқ. Рентген суретінде кеуде қуысының шамадан тыс ісінуі және оң жақ өкпеде 3 х 4 см масса көрінеді. Оның неврологиялық белгілері, ең алдымен, келесілердің қайсысын қамтитын зақымдануға байланысты болуы мүмкін?", кәсіби_медицина,['Бұлшықет қабығы' 'Парасимпатикалық жүйке жүйесі' 'Перффериялық жүйке' 'Пресинаптикалық жүйке-бұлшықет түйіні'],3,Sheet1
 Жұлын жарақаты бар ер адамның эрекцияға қабілеттілігі мыналарға байланысты:, адам_жыныстық_қатынас, ['жарақат болған жұлынның деңгейі' 'жұлын ішінара немесе толығымен үзілген бе' 'ер адамның жасы' 'а және б екеуі де'],3,Sheet1
 Ұйқыны зерттеу барысында зерттеуші қатысушының көзі спорттық шараны көріп отырғандай дірілдей бастағанын байқайды. Зерттеуші қатысушының кіргенін атап өтеді, орта мектеп психологиясы, ['3-кезең ұйқысы' 'бета ұйқысы' 'REM ұйқысы' 'NREM ұйқысы'],2,Sheet1
"Бір әйел мен көршісі өз меншігінің арасына қоршау салу қажеттілігі туралы жиі әңгімелесетін. Ақырында, әйел өз меншігі мен көршісінің меншігінің арасына ағаш қазық қоршауын салу үшін шеберді жалдап, 10 000 долларға сатып алды. Шебер қоршауды келісім бойынша салды, ал әйел оған 10 000 доллар төледі. Екі аптадан кейін көршісі өзінің меншігінің арасындағы жер шекарасының жанында шөп шабатын машинасын жұмыс істеп тұрған кезде, қоршаудың бір бөлігі кенеттен оның үстіне құлап, ауыр жарақат алды. Кейінгі тергеу шебердің қоршауды дұрыс нығайтпағанын анықтады. Көршісінің оған қарсы қойған келісімшарттық талап арызындағы шебердің ең жақсы қорғанысы қандай, онда тек көршісінің жеке жарақаттары үшін ғана залал келтіріледі деп мәлімделеді?", кәсіби_құқық,"['Жеке жарақаттар үшін залалды келісімшарт бойынша өндіріп алу мүмкін емес.' 'Көршіге келтірілген жеке жарақаттар үшін залал әйел мен шебердің келісімге келген кездегі ойына кірмеген.' 'Көрші әйел мен шебер арасындағы келісімнің кездейсоқ пайда алушысы ғана.' 'Көрші әйел мен шебер арасындағы келісімнің тарапы болмағандықтан, мұндай талап қоюға құқылы емес.']",1,Sheet1
" Сингердің айтуынша, оның қағидасына сәйкес келу үшін мыналар қажет:", философия,"['жеке әдеттеріміздегі шағын өзгерістер, бірақ тұтастай алғанда қоғамымызға емес.' 'жеке әдеттеріміздегі, сондай-ақ қоғамға шағын өзгерістер.' 'жеке әдеттеріміздегі күрт өзгерістер, бірақ қоғамымызға емес.' 'жеке әдеттеріміздегі де, қоғамымызға да күрт өзгерістер.']",3,Sheet1
"Экономиканың нашарлауына және барлық клиенттерінің инвестицияларынан айтарлықтай ақша жоғалтуына байланысты биржа делдалы көңілі қалды. Биржа делдалы көпірден секіріп, өмірін аяқтауды шешті. Ол көпірдің ортасына қарай жүріп, қоршаудан асып, көпірдің шетіндегі кішкентай қырға тұрып, секіруге дайындалды. Сол сәтте көпірден өтіп бара жатқан такси жүргізушісі биржа делдалының не істеп жатқанын көрді. Такси жүргізушісі тежегішті басып, таксиден секіріп түсіп, биржа делдалына қарай жүгіре бастады да: «Олай істеме!» деп айқайлады. Біреудің оған қамқорлық жасайтынын естігеніне қуанған биржа делдалы өзіне қол жұмсау туралы шешімін өзгертіп, өмір сүргісі келетінін шешті. Алайда, сол сәтте биржа делдалы тепе-теңдігін жоғалта бастады, аяқтары көпірдің кішкентай, кір қырынан сырғып кете бастады. Биржа делдалы құлай бастағанда, такси жүргізушісі оған жетіп, күртешесінің артынан ұстады. Такси жүргізушісі күртешесіне мықтап жабысып, көпірдің шетінен сүйреп шығарыла жаздады, бірақ ол шыдай алды. Қолынан келгеннің бәрін пайдаланып, такси жүргізушісі биржа делдалын көпірге көтеріп шығарды. Биржа делдалы құлап қалудан аман қалғанына қуанды. Өкінішке орай, такси жүргізушісі биржа делдалына ілініп, оны көпірге қайта көтеру кезіндегі күш салдарынан арқасынан ауыр жарақат алды. Юрисдикция заңы бойынша суицидке әрекет ету қылмыс болып саналады. Егер такси жүргізушісі биржа делдалынан алған жарақаттары үшін өтемақы өндіріп алу туралы талап қойса, ол жеңіске жете ме?",кәсіби_құқық," [«Жоқ, себебі биржа делдалы өзінен басқа ешкімге зиян келтіргісі келмеген.» «Жоқ, себебі суицидке әрекет ету юрисдикцияда қылмыстық құқық бұзушылық болып саналған.» «Иә, себебі биржа делдалы өзін қауіп-қатерге душар еткен.» «Иә, себебі ол биржа делдалының өмірін сақтап қалды.»]",2,Sheet1
" $$\{1,2,3,\ldots,100\}$$ жиынынан кездейсоқ таңдалған бүтін санның 2-ге бөлініп, 3-ке бөлінбеу ықтималдығы қандай? Жауабыңызды жай бөлшек түрінде білдіріңіз.", орта мектеп математикасы, ['\\frac{31}{66}' '\\frac{17}{66}' '\\frac{17}{31}' '\\frac{17}{50}'],3,Sheet1
" Тереңдікті қабылдау қабілетіміз, ең алдымен, басқа қандай қабылдау қабілеттеріне байланысты?", орта мектеп психологиясы, ['жақындық және ұқсастық' 'жоғарыдан төмен қарай өңдеу және төменнен жоғары қарай өңдеу' 'бинокулярлық және монокулярлық белгілер' 'өлшемі мен пішінінің тұрақтылығы'],2,Sheet1
 Қауіпсіздік зерттеулерінің «алтын ғасырындағы» ойын теориясы мен тежеу теориясы қандай жолдармен интеллектуалды дамуды белгіледі?, қауіпсіздікті зерттеу,"['Тежеу теориясы мен ойын теориясы академиялық әлемде өте ықпалды болды және саяси тұрғыдан орталық орынға ие болды, себебі нысанның табиғаты жоғары дәрежеде нормативтік теорияландыруға мүмкіндік берді, бұл сыни көзқарасты қалыптастыратын технологиялық пессимизм көңіл-күйімен қатар жүрді.' ""Прогрессивті зерттеу бағдарламалары абстракциялардың, 'екінші соққыны қауіпсіз ету мүмкіндігі', 'кеңейтілген тежеу' және 'эскалация үстемдігі' әлемінің өзіндік шындығын қалыптастыратын теорияларды жасады.' ""Ойын теориясы мен тежеу теориясы интеллектуалды даму ретінде саясаттың өзектілігі/пайдалылығы мен теориялық абстракция/талғампаздық арасындағы ымыраға әкелді.' ""Жоғарыда айтылғандардың ешқайсысы емес. Тежеу теориясының әсері иллюзиялық болды. Ядролық қарудың және бірінші соққыға бағытталған саясаттың құрылуы атыс күшін барынша арттырудың ішкі логикасымен басқарылды. Теория ниетті жоққа шығаратын түтін пердесі ретінде қызмет етті.""",1,Sheet1
" Сотталушының қорқытып алу ісі бойынша сотында прокурор куәгерді шақырып, оның сотталушының ер адамға физикалық зиян келтіремін деп қорқытқанын естігенін, егер ол адам сотталушыға пара бермесе, естігенін күтті. Куәгер сотталушының мұндай қорқытуларды естімегенін, тіпті ол бұл туралы үлкен қазылар алқасының алдында куәлік еткенін жоққа шығарды. Енді прокурор куәгердің үлкен қазылар алқасының айғақтарын мойындауға тырысады. Сот үлкен қазылар алқасының айғақтарына қатысты қалай шешім қабылдауы керек?", кәсіби_құқық,"['Айғақтарды мойындаңыз, себебі онда қарсылас тараптың мәлімдемесі бар.' 'Айғақтарды импичмент үшін де, мазмұндық пайдалану үшін де мойындаңыз, себебі куәгер ресми іс жүргізуде ант беріп, сәйкес келмейтін мәлімдеме жасады.' 'Айғақтарды бұрынғы айғақтарды есту ережесінен ерекшелік бойынша мойындаңыз.' 'Айғақтарды мазмұндық пайдалану үшін алып тастаңыз, себебі бұл айғақтық мәлімдеме.'",1,Sheet1
 Төмендегі қосылыстардың қайсысының балқу температурасы ең төмен?, колледж_химиясы, ['HCl' 'AgCl' 'CaCl2' 'CCl4'],0,Sheet1
" Эдвард Саидтің пікірінше, «Шығысты» келесілердің қайсысы ең жақсы сипаттайды?", қауіпсіздікті зерттеу,"[«Шығыс – Батыспен салыстырғанда төмен, ақылға сыйымсыз және артта қалған деп елестетілетін жасанды субъект». «Шығыс – Шығыс Азияны сипаттау үшін бұрын қолданылған географиялық термин». «Шығыс – қауіпсіздікті талдау үшін ғалымдар қабылдамауы керек ойдан шығарылған ұғым». «Күш теңгерімсіздігі болған жерде Шығыс – басым интеллектуалдық күш немесе басқа жағынан жоғары тұрған тарап».",0,Sheet1
" Әйел өзін лесбиянмын деп ойлаған кезде, ол:", адам_жыныстық_қатынас,['мақтаныш кезеңі' 'төзімділік кезеңі' 'қабылдау кезеңі' 'шатасу кезеңі'],1,Sheet1
"Үй иесі коммерциялық ғимаратты жалға алушыға 10 жылдық мерзімге ауызша жалға берді, ол бір жыл бұрын аяқталды. Жалдау мерзімінің басында жалға алушы ғимаратқа көптеген тұрмыстық техниканы, сондай-ақ үлкен ауа баптау жүйесін орнатты. Жалға алушы бұл заттардың құнын өзі төледі; олар үй иесінің рұқсатымен орнатылды және жалға алушының коммерциялық кәсіпорны үшін пайдаланылды. Жалдау мерзімінің соңында жалға алушы үй-жайды уақтылы босатпай, тағы төрт ай бойы иелігінде бола отырып, жалдау ақысын төлеуді жалғастырды. Төртінші айдың соңында ғимаратты босатпас бұрын, жалға алушы орнатқан тұрмыстық техника мен ауа баптау жүйесін алып тастады, бұл ғимаратқа ешқандай зиян келтірмеді. Жалға алушының алып тастауы дұрыс болды ма?", кәсіби_құқық," ['Жоқ, себебі ол жалға алушы болды.' 'Жоқ, себебі жалдау ауызша болды.' 'Иә, себебі олар қосылулар болды.' 'Иә, себебі олар сауда келісімдері болды.']",3,Sheet1
"Жыл сайын штат заң мектебінде LL B немесе JD дәрежесін алуға үміткерлерге бірқатар пайызсыз несиелер мен стипендиялар береді. Қолданыстағы штат заңы АҚШ азаматтары мен АҚШ азаматтығын алуға ниетті шетелдіктердің құқығын шектейді. Мемлекеттік заң мектебінде JD дәрежесін алуға үміткер пайызсыз несиелердің біріне өтініш берді. Ол АҚШ азаматтығын алуға ниет білдірмегендіктен, штат заңы бойынша құқығы жоқтығына байланысты несиеден бас тартылды. Кандидаттың штат заңының конституциялылығына қарсы шағымданған сот ісінде ол...", кәсіби_құқық,"['жеңіс, себебі заң Он төртінші түзетудің артықшылықтары немесе иммунитеттері туралы бабын бұзады.' 'жеңіс, себебі мемлекеттің иеліктен айыруға негізделген жіктемелері күдікті және мұқият сот тексеруіне жатады.' 'жеңілу, себебі заң мемлекеттің маңызды мүддесін қорғайды.' ""жеңілу, себебі иеліктен айыруға арналған жіктемелер, өз кезегінде, Он төртінші түзетудің тең қорғау туралы бабы бойынша конституцияға қайшы келмейді.""]",1,Sheet1
 Зороастризм дәстүрінде «гатас» термині келесілердің қайсысын білдіреді?, әлем_діндері, ['Әнұрандар' 'Заңдар' 'Этика' 'Мифтер'],0,Sheet1
" Сұраныстың баға бойынша айқаспалы икемділігі теріс болған кезде, қарастырылып отырған тауарлар міндетті түрде", орта мектеп_микроэкономикасы, ['қалыпты' 'төменгі' 'толықтырушылар' 'алмастырушылар'],2,Sheet1
"Такси жүргізушісі жеңіл тамақ сатып алу үшін дүкенге тоқтады. Ол кассадағы дүкен сатушысына ақшасын беріп жатқанда, полиция қызметкері дүкенге кірді. Такси жүргізушісі полиция қызметкерінен бірнеше жол ережесін бұзғаны үшін айыппұл алған, сондықтан ол полиция қызметкерінің оған өте дөрекі болғанын сезді. Кек алу үшін такси жүргізушісі бірден полиция қызметкерін мазақтап, оған түрлі балағат сөздер айтып, ұрысып, қорлай бастады. Полиция қызметкері бірқатар жеке қиындықтарды бастан кешіріп, өзін өте әлсіз сезінді. Такси жүргізушісінің қорлау сөздері оған жауып тұрғанда, полиция қызметкері кенеттен есінен танып қалды. Ол тапаншасын алып шығып, такси жүргізушісіне оқ атты. Оқ такси жүргізушісіне тиген жоқ, бірақ такси жүргізушісінің артында тұрған дүкен сатушысына тиді. Сатушы атыстан аман қалды, бірақ иығына оқ тиді. Жарақат алған сатушының такси жүргізушісіне қарсы жеке жарақаттарын өтеу үшін талап арызында талапкер, ең алдымен,...",кәсіби_құқық," [""қалпына келу, себебі такси жүргізушісінің мінез-құлқы сатушының жарақаттарының тікелей себебі болды."" ""қалпына келу, себебі такси жүргізушісінің мінез-құлқы сатушының атылуына әкелуі мүмкін еді."" ""қалпына келу мүмкін емес, себебі атыс такси жүргізушісінің мінез-құлқының болжамды салдары емес еді."" ""қалпына келу мүмкін емес, себебі полиция қызметкері дүкен сатушысын емес, такси жүргізушісін атуды көздеген.""]",2,Sheet1
Төмендегілердің қайсысы монополиялық бәсекелестіктің сипаттамасына жатады?, орта мектеп_микроэкономикасы, ['Ұзақ мерзімді перспективада экономикалық тиімді.' 'Ұзақ мерзімді перспективада ең төменгі ATC бағасын белгілеу.' 'Артық қуат.' 'Өте аз бәсекелестер.'],2,Sheet1
 Тізбектей тақ бүтін сандардың қосындысы 240-қа тең қанша арифметикалық тізбек бар?, орта мектеп математикасы, ['8' '12' '10' '4'],1,Sheet1
"Бұл сұрақ келесі ақпаратқа қатысты. Ресейде ештеңе жақсы болмады, және [Суварин] алған жаңалықтардан үмітін үзді. Оның ескі серіктерінің бәрі саясаткерлерге жүгінді; Еуропаны дүр сілкіндірген әйгілі нихилистер - ауыл діни қызметкерлерінің, төменгі орта таптың, саудагерлердің ұлдары - ұлттық азаттық идеясынан жоғары көтеріле алмады және әлем өз деспотын өлтіргеннен кейін құтқарылады деп сенгендей болды... «Ақымақтық! Олар өздерінің ақымақтығымен ешқашан құтыла алмайды». Содан кейін, дауысын одан сайын бәсеңдетіп, бірнеше ащы сөзбен бауырластық туралы ескі арманын сипаттады. Ол өз дәрежесі мен байлығынан бас тартты; ол жұмысшылардың арасына барды, тек жаңа ортақ еңбек қоғамының негізін көру үмітімен ғана. Қалталарындағы барлық ақша әлдеқашан қоныстың кірпілеріне кеткен еді; ол көміршілермен бауырдай мейірімді болды, олардың күдігіне күлімсіреп, оларды тыныш жұмысшы мінезімен және әңгімелесуді ұнатпайтындығымен жеңіп алды. Бірақ бірігу болмады. Оның дауысы өзгеріп, көзі жарқырап, Этьенге қарап, оған тікелей былай деді: «Енді түсіндің бе? Марсельдегі жүз мың франк көлеміндегі үлкен лотерея ұтысын ұтып алған бұл қалпақшылар бірден кетіп, ештеңе істемей өмір сүретіндерін мәлімдеп, оны инвестициялады! Иә, бұл сендердің ойларың, француз жұмысшылары; сендер қазынаны тауып, оны кейін жалғыз өзің жалқау, өзімшіл бұрышта жеп қойғыларың келеді. Байларға қарсы қанша айқайласаңдар да, сәттілік әкелген ақшаны кедейлерге қайтаруға батылдарың жетпейді. Бірдеңең болса, ешқашан бақытқа лайық болмайсыңдар, ал буржуазиялықтарға деген жеккөрушілігің тек олардың орнына өздерің буржуазиялық болуға деген ашулы ниеттен туындайды». Эмиль Золя, француз жазушысы, Germinal, 1885 Үзіндінің соңғы абзацында айтылған қақтығыс қай кітапта жақсы сипатталған?",орта мектеп_еуропалық_тарихы," [«Джон Стюарт Миллдің «Бостандық туралы» кітабы», «Маркс пен Энгельстің «Коммунистік манифест» кітабы», «Сион ақсақалдарының хаттамалары» «Эдвард Белламидің «Өткенге көз жүгірту» кітабы]",1,Sheet1
" 17 жастағы қыз балада ешқашан етеккір келмеген. Физикалық тексеру кезінде әйел денесінің қалыпты жағдайы, сүт бездерінің қалыпты дамуы және сыртқы жыныс мүшелерінің қалыпты көрінуі байқалады. Оның қолтық астындағы немесе қасындағы түктері жоқ. Науқас жамбас немесе тік ішек тексеруінен бас тартады. Клиникалық көріністің ең ықтимал түсіндірмесі қандай?", кәсіби_медицина, ['Андрогенге сезімталдықтың болмауы' 'Туа біткен бүйрек үсті безінің гиперплазиясы' 'Эктодермальды дисплазия' 'Психиатриялық бұзылыс'],0,Sheet1
 1989 жылдың наурыз айында Exxon Valdez қай жерде қайраңға соғылды?, әртүрлі, ['Монтерей шығанағы' 'Принс Уильям Саунд' 'Кейп-Код' 'Мексика шығанағы'],1,Sheet1
 Тілдегі ең кіші мағына бірліктері, орта мектеп психологиясы, ['фонемалар' 'фенотиптер' 'семантика' 'морфемалар']],3,Sheet1
" Философияның төрт негізгі бөлімі - метафизика, эпистемология, аксиология және _____.", философия, ['биоэтика' 'логика' 'эстетика' 'категориялық логика'],1,Sheet1
 Жағалау сызықтары мен өзендер бойындағы алғашқы қоныстанулар мен халық тығыздығының жоғары болуы келесілердің қайсысымен байланысты?, орта мектеп географиясы, ['Жерорта теңізі климаты' 'Орман жамылғысының шектеулілігі' 'Өндірістің өсуі' 'Сауда жолдарына қолжетімділік'],3,Sheet1
 Төмендегілердің қайсысы ЖИТС-тің ең көп таралған нейропсихологиялық асқынуы болып табылады:, кәсіби_психология, ['Зейіннің нашарлауы және ақпаратты өңдеу жылдамдығы' 'Когнитивті икемділіктің нашарлауы' 'Деменция' 'Көру-кеңістіктік құрылымдардың нашарлауы'],2,Sheet1
 Төмендегілердің қайсысы дұрыс?, орта мектеп_микроэкономикасы,['Шектік әлеуметтік шығындар = Жеке шекті шығындар + Теріс сыртқы әсер.' 'Шектік әлеуметтік шығындар = Жеке шекті шығындар + Субсидия.' 'Шектік әлеуметтік жеңілдіктер = Жеке шекті жеңілдіктер + Салық.' 'Салық = Оң сыртқы әсер.'],0,Sheet1
 v − 26 = 68 теңдеуін шешіңіз., бастауыш_математика, ['−42' '42' '94' '88'],2,Sheet1
" Экзистенциалистік «Шығу жоқ» пьесасының әйгілі сөзіне сәйкес, тозақ деген не?", әртүрлі, ['өзің' 'басқа адамдар' 'кішкентай жасалған' 'жасыл және көк түстегі үлкен реңк],1,Sheet1
 Тауар нарығындағы теріс сыртқы әсер келесі жағдайда пайда болады, орта мектеп_микроэкономикасы, [«нарық осы игілікті өндіруге ресурстарды жалпылайды». «қоғам қосымша пайда алады». «шекті әлеуметтік пайда шекті әлеуметтік шығынға тең». «жалпы әл-ауқат барынша арттырылады».],0,Sheet1
 Парацетамол қабылдаған кезде пациенттер төмендегілердің қайсысын есте сақтауы керек?, клиникалық_білім,"[«Бұл Варфарин сияқты басқа дәрілердің тиімділігіне кедергі келтіруі мүмкін». «Оны тек «қажет болған жағдайда» беру керек». «Пациенттер кездейсоқ артық дозалануды болдырмау үшін рецептсіз сатылатын суық тиюге қарсы дәрілердің құрамын мұқият тексеруі керек, себебі мұндай препараттардың құрамында көбінесе қосымша парацетамол болады». «Бұл қызбамен ауыратын науқастарға қарсы көрсетілімде.»",2,Sheet1
Осы екі сценарийдің қайсысы үшін басты кейіпкер (мен/мен/менің сөздерін қолданатын) АҚШ-тағы 2020 жылғы жағдай бойынша қарапайым моральдық стандарттарға сәйкес моральдық тұрғыдан дұрыс емес нәрсе жасайды? 1-сценарий | Мен жылдар бойы балаларыма қарап жүрген адамды білетінімді жоққа шығардым. 2-сценарий | Мен допты ұстаушының қолғабына лақтырдым., моральдық_сценарийлер," ['Дұрыс емес, дұрыс емес' 'Дұрыс емес, дұрыс емес' 'Дұрыс емес, дұрыс емес' 'Дұрыс емес, дұрыс емес']",1,Sheet1
"Төмендегілердің қайсысы негізінен психологиялық емес, мәдени тұрғыдан негізделген атрибуттың ең жақсы мысалы болып табылады?", орта мектеп психологиясы," [""Балаларына қамқорлық жасау"" 'Жұмысқа уақытында келу' 'Көбеюге деген ықыластың болуы' 'Тамақ пен су іздеу']",1,Sheet1
 A/an ___________ - бұл лездік хабар алмасу қолданбаларына арналған логиндеріңіз бен құпия сөздеріңізді ұрлайтын бағдарлама., компьютер_қауіпсіздігі, ['IM – Трояндар' 'Артқы есік трояндары' 'Троян жүктегіші' 'Транзакциялық троян'],0,Sheet1
" Егер мен Покипсиде тұратын тәтемнің кішкентай бағалы зергерлік бұйымын жібергім келсе, қай көлік түрі ең тиімдірек болады?",орта мектеп географиясы, ['Жүк көлігі' 'Әуе' 'Кеме' 'Теміржол'],1,Sheet1
"Бұл сұрақ келесі ақпаратқа қатысты. «1-бап Тараптар Біріккен Ұлттар Ұйымының Жарғысында көрсетілгендей, халықаралық бейбітшілік, қауіпсіздік және әділеттілік қауіп төндірмейтіндей етіп, өздері қатысты кез келген халықаралық дауды бейбіт жолмен шешуге және халықаралық қатынастарында Біріккен Ұлттар Ұйымының мақсаттарына қайшы келетін кез келген тәсілмен күш қолдану қаупінен немесе күш қолданудан бас тартуға міндеттенеді. «2-бап Тараптар өздерінің еркін институттарын нығайту, осы институттардың негізін қалаған қағидаттарды жақсырақ түсіну және тұрақтылық пен әл-ауқат жағдайларын жақсарту арқылы бейбіт және достық халықаралық қатынастарды одан әрі дамытуға үлес қосады. Олар өздерінің халықаралық экономикалық саясатындағы қайшылықтарды жоюға тырысады және олардың кез келгені немесе барлығы арасындағы экономикалық ынтымақтастықты ынталандырады. «3-бап Осы Шарттың мақсаттарына тиімдірек қол жеткізу үшін Тараптар жеке және бірлесіп, үздіксіз және тиімді өзіне-өзі көмектесу және өзара көмек арқылы қарулы шабуылға қарсы тұрудың жеке және ұжымдық мүмкіндіктерін сақтайды және дамытады...» «5-бап Тараптар Еуропада немесе Солтүстік Америкада олардың біреуіне немесе бірнешеуіне қарсы қарулы шабуыл олардың барлығына қарсы шабуыл болып саналатынына келіседі және тиісінше, егер мұндай қарулы шабуыл орын алса, олардың әрқайсысы Біріккен Ұлттар Ұйымы Жарғысының 51-бабында танылған жеке немесе ұжымдық өзін-өзі қорғау құқығын жүзеге асыру үшін шабуылға ұшыраған Тарапқа немесе Тараптарға дереу, жеке және басқа Тараптармен бірлесіп, Солтүстік Атлантика аймағының қауіпсіздігін қалпына келтіру және сақтау үшін қарулы күш қолдануды қоса алғанда, қажет деп санайтын шараларды қабылдау арқылы көмектесетініне келіседі». Солтүстік Атлантикалық Шарт, 1949 жылғы 4 сәуір Жоғарыдағы үзіндідегі Солтүстік Атлантикалық Шарт келесі тұжырымдамалардың қайсысын ең айқын қолдайды?",орта мектептің_әлем_тарихы, ['Капитализм' 'Ұжымдық қорғаныс' 'Өзара кепілдендірілген қирату' 'Коммунизм'],1,Sheet1
" Элемент альфа бөлшегін шығарып жібергенде, алынған элементтің массалық саны", тұжырымдамалық_физика, ['2-ге азайтады' '4-ке азайтады' '2-ге артады' '4-ке артады'],1,Sheet1
" 47 жастағы ер адам кенеттен қатты желке бас ауруы және мойынның сіресуі басталғаннан кейін 12 сағаттан кейін дәрігерге келді. Оның басқа белгілері болған жоқ және ауыр бас ауруы тарихы жоқ. Оның гипертониясы және гастроэзофагеальды рефлюкс ауруы бар. Қазіргі уақытта қабылдап жүрген дәрі-дәрмектеріне гидрохлортиазид және ранитидин кіреді. Ол адамға, орынға және уақытқа бейім. Оның температурасы 36,7°C (98,1°F), тамыр соғысы 100/мин және қан қысымы 160/90 мм сын. бағ. құрайды. Ауырсынуға байланысты мойынның қозғалыс диапазоны төмендеген. Неврологиялық тексеруде ошақты белгілер байқалмайды. Төмендегілердің қайсысы ең ықтимал диагноз?", кәсіби_медицина, ['Кластерлік бас ауруы' 'Менингит' 'Мигрень' 'Субарахноидальды қан кету'],3,Sheet1
"Штат - питчеллент өндіруге салық салатын жалғыз штат. Бұл қара түсті минерал массивтік ураниниттен тұрады және уранның негізгі кен-минералды көзі болып табылатын радийден тұрады. Плутонийдің аз мөлшері питчеллентте де кездеседі. Бұл әсіресе маңызды, себебі плутоний уран 235 түзу үшін гелий ядросының шығарылуымен баяу ыдырайды және атом энергиясын алу үшін баяу нейтрондармен бөлінуі мүмкін. Осылайша, питчеллент бүкіл ел экономикасы үшін өте маңызды. Конгресс жақында кез келген штатқа питчеллент өндіруге салық салуға тыйым салатын заң қабылдады. Питчеллент басқа ешбір штатта өндірілмейтіндіктен, бұл федералды заңнама тек штатқа ғана қатысты. Осылайша, іс жүзінде бұл федералды заң тек штаттың салық салу құқығын шектейді. Конституция мен осы федералды заң тұрғысынан питчеллентке салынатын мемлекеттік өндіру салығы ең ықтимал...", кәсіби_құқық,"[«жарамсыз, себебі Конгресс штаттар арасындағы саудаға қатысты жалпы өкілеттігін жүзеге асырған кезде, үстемдік туралы ереже сәйкес келмейтін штаттық әрекеттерді жарамсыз етеді». «жарамсыз, себебі Конгресс өзінің жалпы әл-ауқат құқығын пайдаланып, тұтастай алғанда ұлтқа зиянды деп санайтын штаттық заңнаманы тыйым салуы мүмкін». «жарамды, себебі Конгресстің штаттың салық саясатына араласуға өкілеттігі жоқ». «жарамды, себебі Конгресс бір штатты басқа штаттармен тең емес жағдайға қоятын заң қабылдай алмайды».",0,Sheet1
Әлсіз мемлекеттерге сыртқы күштермен қандай қиындықтар туындауы мүмкін?, қауіпсіздікті зерттеу,"[«Қуатты мемлекеттер әлсіз мемлекеттердің халықаралық нормаларды сақтауын қамтамасыз ету үшін дипломатиялық қысым жасауы мүмкін. Бұл экономикалық санкциялар мен қару-жарақ келісімдерін тоқтатуды қамтуы мүмкін, бұл мемлекеттің армияға ақы төлеу немесе оны жеткізу мүмкіндігін төмендетеді, бұл армияның наразылығы мен төңкеріс қаупін арттырады». «Әлсіз мемлекеттерге мемлекеттің билігіне қарсы шығу үшін пайдаланылуы мүмкін шағын қару-жарақтың таралуы қауіп төндіреді. Шағын және жеңіл қаруларды заңды және заңсыз арналар арқылы сатып алуға болады және әскери қолбасшылар, қылмыскерлер және жеке жасақтар бар аймақтарда кең таралған». «Әлсіз мемлекеттер жаһандану процестерінен оқшаулана алмайды. Шекаралардың кеуектілігінің артуы миграция мен иммиграцияға әкеледі. Жаһандану нарығында бәсекелесу үшін әлсіз мемлекеттер халықаралық институттардан қаржылық-несиелік көмек немесе көмек алуға тырысады. Алайда, бұл процестер мемлекеттің гегемониялық идеясын бұзады және қоғамдық сәйкестік бұлыңғырланады, бұл мемлекеттің идеологиялық тартымдылығын сақтауын қиындатады». «Осы нұсқалардың барлығы».",3,Sheet1
 Экологиялық қауіпсіздік тұжырымдамасында қандай ұзақ мерзімді үрдістерді болжауға болады?, қауіпсіздікті зерттеу,"[11 қыркүйектен кейінгі дәстүрлі қауіпсіздік ойлауына оралу кезінде қоршаған орта қауіпсіздігі тұжырымдамасы қауіпсіздік талдаушылары мен саясаткерлердің назарын үнемі аударатын болады.] «Қоршаған ортаның қауіпсіздігінің теріс әсерінің дәлелдерінің артуы ұлттық қауіпсіздік мүдделері мен мінез-құлқын басқаруы мүмкін. Бұл өзектілік ұлттың әлеуметтік ұйымын сақтау үшін ұлттық біржақты бастамалар қабылданғанға дейін артады, бұл қақтығыстардың ықтималдығын арттыруға кері әсерін тигізуі мүмкін.» «Ұлттық қауіпсіздік тәжірибелері - елдің әлеуметтік-экономикалық ұйымдастырушылық базасын қауіп-қатерге қарсы нығайту үшін экологиялық қауіпсіздік реформаларына қол жеткізудің ең тиімді құралы. Мемлекет практикалық деңгейде қоршаған ортаны шектеулерді басқару үшін трансұлттық келісімдерге қол жеткізу үшін зорлық-зомбылық құралдарына монополияға және ресурстарды орталықтандыруға ие ең қабілетті орган болып қала береді.» «Қоршаған орта мәселелерінің әсері азаюы екіталай сияқты, сондықтан экологиялық қауіпсіздіктің саясат үшін өзектілігі артуы мүмкін, әсіресе экологиялық тұрақты әлеуметтік ұйым нысандарына қол жеткізу үшін жалпы қауіпсіздік мәселелері бойынша көпжақты әрекеттер. Белгілі бір мағынада ұлттық қауіпсіздіктің қазіргі тәжірибелері барлық адамдар үшін экологиялық қауіпсіздікке қол жеткізуге кедергі келтіреді.»",3,Sheet1
"Жүк көлігінің жүргізушісі тас жолда абайсызда жолақты ауыстырып, рұқсат етілгенін тексермей кеткен. Нәтижесінде, жүк көлігінің қасында тұрған көлік тас жолдан шығып, жол бойындағы бетон тосқауылға соғылған. Көлік жүргізушісінің аяғы сынған. Жедел жәрдем келіп, оны ауруханаға жеткізді. Ондағы дәрігер сынған аяғын тексеріп, рентгенге түсіруді тапсырды. Дәрігер абайсызда рентгенді қате оқып, сынған сүйекті дұрыс орнатпаған. Дәрігердің немқұрайлылығының салдарынан жүргізушінің аяғы толық жазылмаған, ал жүргізуші аяғын пайдалануда айтарлықтай кемшілікке тап болған. Егер көлік жүргізушісі жүк көлігінің жүргізушісіне абайсызда шара қолданса, ең ықтимал нәтиже...", кәсіби_құқық,"[«жүк көлігінің жүргізушісі ешқандай залал үшін жауапты болмайды, себебі дәрігердің немқұрайлылығы жүк көлігінің жүргізушісін жауапкершіліктен босатқан себеп болды». «жүк көлігінің жүргізушісі талапкердің көлігі апатқа ұшыраған кезде келтірген залалы үшін жауапты болады, бірақ дәрігердің немқұрайлы қателігінен туындаған қосымша немесе күшейтілген залал үшін емес». «жүк көлігінің жүргізушісі тек оның немқұрайлылығы қазылар алқасы дәрігердің немқұрайлылығынан ауыр деп санаған жағдайда ғана жауапты болады». «жүк көлігінің жүргізушісі талапкерге келтірілген барлық залал үшін жауапты болады, дегенмен дәрігер де белгілі бір дәрежеде жауапты болуы мүмкін».",3,Sheet1
Сұрақ қою қателігінің тағы бір атауы -, логикалық_қателіктері, ['Dito simpliciter' 'Bifurcation' 'Жазаланатын тұлға' 'Дөңгелек ойлау'],3,Sheet1
"1980 жылы бір адвокат ауылдық округтен 80 акр жер телімін сатып алды. 80 акр жер телімінде 1929 жылы бай өнеркәсіпші салған керемет сарай, отбасылық үй болды. Көптеген жылдар бойы жер теліміне ең жақын қала экономикалық құлдыраудың құшағында болды. Алайда, 1988 және 1989 жылдары бірнеше ірі корпорациялар жергілікті жерде зауыттар салды. 1990 жылдардың басында бұл аймақта гүлдену басталды. Жылжымайтын мүліктің гүлденуін пайдалану үшін адвокат 80 акр жер телімін 160 жер теліміне бөлді. 1995 жылға қарай адвокат 90 жер телімін әртүрлі жеке сатып алушыларға сатты. Әрбір құжатта келесі ережелер болды: «Осы арқылы берілген мүлік жеке тұрғын үйлерден басқа мақсаттарда пайдаланылмауы тиіс екендігі туралы айқын келісім мен талап бар». «Сенім беруші осы арқылы өзі, мұрагерлері, мұрагерлері үшін келісім жасайды және 80 акр учаскеде қазір сенім берушіге тиесілі жер телімдеріне барлық келісімдерге осындай шектеу қоюды тапсырады.» «1996 жылы округтік бақылаушылар кеңесі адвокаттан 80 акр учаскеде 30 жер телімін сатып алды. Жеке меншік құқығына ие кеңес жер телімінде жаңа округтік зиянкестермен күрес кеңсесін салуды жоспарлады. Адвокаттың округтік бақылаушылар кеңесіне беру туралы құжатында 80 акр учаскедегі басқа жер телімдерінің иелеріне арналған келісімдерде көрсетілген жоғарыда аталған шектеулер туралы ештеңе айтылмаған. Алайда, адвокаттың округтік актісі келесі ережені қамтыды: «Сенім алушы осы арқылы өзі, мұрагерлері үшін келісім жасайды және бұл беру жеке меншік құқығын жүзеге асырудың орнына жүзеге асырылатынын тапсырады». «Осыдан кейін округ аймақтандыру туралы қаулы қабылдады, оған сәйкес 30 жер учаскесі зиянкестермен күрес кеңсесінің ғимаратын салуға рұқсат беру үшін қайта аймақтарға бөлінді. Округ құрылысты бастаған кезде, 80 акр жер теліміндегі барлық басқа жер учаскелерінің иелері құрылыс жоспарын бұзу немесе балама ретінде залалды өндіріп алу үшін сотқа шағымданды. Егер округтің бақылаушылар кеңесі, яғни аталған жауапкер екі айыптау бойынша да жеңіске жетсе, бұл себеп болады.»",кәсіби_құқық, ['жерді пайдалану құқығы аймақтандыру құқығына тең.' 'жерді пайдалану құқығы бар мемлекеттік органның 80 акр жер учаскесін сатып алуы кері айыптау актісі болып табылады.' 'шектеуші келісімді орындау құқығын алып тастау өтемақы алуға жатпайды.' 'жерді пайдалануға шектеулер тек келісімшартында шектеулер бар сатып алушыға ғана қолданылуы мүмкін.',2,Sheet1
 Корвиноның Аквинский туралы оқуында «табиғи емес» жыныстық актілер дегеніміз, моральдық_даулар, ['әдейі шығармашылықты жақтайтын.' 'келісімсіз.' 'әдейі ұрпақ өрбітпейтін.' 'ересектер арасында сирек кездеседі.'],1,Sheet1
 Төмендегілердің қайсысында байланыстың теріс жалғауы соңғы жазылған?, орта мектеп химиясы, ['O—S' 'Br—N' 'N—C' 'P—Cl'],3,Sheet1
 Көптеген бөлшек сауда брендтері ұйымның атауына негізделген бірыңғай қолшатыр брендін қабылдайды. Бұл былай аталады:, маркетинг,['Отбасылық брендинг.' 'Корпоративтік брендтер.' 'Жеке брендинг.' 'Өндірушінің бренді.'],1,Sheet1
 Күн жүйесіндегі екінші ең көп таралған элемент қандай?, астрономия, ['Темір' 'Сутегі' 'Метан' 'Гелий'],3,Sheet1
 Қос соқыр немесе қос маскалы зерттеудің мақсаты:, вирусология,['Емделген және емделмеген субъектілердің салыстырмалылығына қол жеткізу' 'Іріктеу вариациясының әсерін азайту' 'Бақылаушы мен субъектінің бейтараптығынан аулақ болу' 'Бақылаушының бейтараптығы мен іріктеу вариациясынан аулақ болу'],1,Sheet1
 Жердің жасы шамамен нешеде?, әртүрлі,"['50 000 жыл' '300 миллион жыл' '4,5 миллиард жыл' 'ешкім білмейді']",2,Sheet1
 3 x − 4(x − 2) + 6 x − 8 = 0 теңдеуі үшін x мәнін табыңыз., орта мектеп математикасы,['−4' '0' '2' '4'],1,Sheet1
1950 жылы әлем халқының шамамен қанша пайызы сауатты болды?, жаһандық_фактілер, ['36%' '56%' '76%' '96%'],1,Sheet1
"2020 жылғы жағдай бойынша АҚШ-тағы қарапайым моральдық стандарттарға сәйкес, осы екі сценарийдің қайсысы үшін басты кейіпкер (мен/мен/менің сөздерін қолданатын) моральдық тұрғыдан дұрыс емес нәрсе жасайды? 1-сценарий | Мен тегін қоқыс жәшігінен ойыншық алдым 2-сценарий | Мен оның керемет кастрюльіне пышақ салдым.", моральдық_сценарийлер," ['Дұрыс емес, дұрыс емес' 'Дұрыс емес, дұрыс емес' 'Дұрыс емес, дұрыс емес' 'Дұрыс емес, дұрыс емес']",3,Sheet1
 Төмендегі бұзылулардың қайсысы жиырма бірінші хромосома жұбының аномалиясының нәтижесі болып табылады?, орта мектеп психологиясы," ['Биполярлық бұзылыс', ""Хантингтон хореясы', ""Даун синдромы', ""Обсессивті-компульсивті бұзылыс']]",2,Sheet1
 Тұтынушы тәжірибесінің жеке тұлғалар мен қоғам үшін маңыздылығы мен маңызы келесідей аталады:, маркетинг, ['Білім экономикасы.' 'Қызмет көрсету экономикасы.' 'Экономиканы тәжірибеден өткізу.' 'Тұтынушылар экономикасы.'],2,Sheet1
" Шифрлау және дешифрлау құпиялылықты немесе құпиялылықты қамтамасыз етеді, бірақ олай емес", компьютер_қауіпсіздігі,['Аутентификация' 'Тұтастық' 'Құпиялылық' 'Жоғарыда аталғандардың барлығы'],1,Sheet1
"Алдау мен кемсітушілік өркендеген оқшау округте округ демалыс мақсатында дамытқан және күтіп ұстаған әдемі көл бар. Бұл округтегі жалғыз көл болмаса да, ол ең үлкен және ең көрікті, және ол айналадан келген келушілерді қызықтырады. Оның ең үлкен байлықтарының бірі - көпшілікке қолжетімді тамаша балық аулау және қайықпен жүзу. Үш жыл бұрын көлдің демалыс аспектілерін жақсарту үшін округ көлдің және оны қоршаған саябақтың едәуір бөлігін округтегі ең көрнекті отбасына тиесілі компанияға жалға берді. Жалға алу шарты бойынша компаниядан бар, мейрамхана және жеке айлағы бар бірінші дәрежелі яхта үйі мен клубын салу және пайдалану, сондай-ақ округке таза пайдасының 10%-ын жалдау ретінде төлеу талап етілді. Компания жарғылар шығарды, оларды жалдау туралы келіссөздер жүргізіліп жатқан кезде округ қарап, бекітті. Жарғыға сәйкес, мейрамханасы мен бары бар яхта клубы тек мүшелер үшін ашық болады, ал мүшелік комитетіне қатаң мүшелік «стандарттарын», сондай-ақ мүшелік жарналары мен төлемдерінің құнын белгілеуге өкілеттік берілді. Құрылыс аяқталғаннан кейін мемлекет компанияға мейрамхана мен барда алкогольді ішімдіктерді сатуға лицензия берді. Мүшелік комитеті мүшелік жарнасы 5000 доллар, ал ай сайынғы жарна 75 доллар екенін жариялады. Сонымен қатар, мүшелік комитеті тек ер адамдардың мүшелікке өтініштерін мақұлдау саясатын ұстанды, ал әйелдердің барлық өтініштерін мақұлдамады және қабылдамады. Округте әйелдерге қолжетімді басқа да осыған ұқсас нысандар болды. Округ тұрғыны әйел компанияға қарсы сотқа шағымданып, оның мүшелікке өтініші тек әйел болғандықтан қабылданбағанын және әйелдерді топ ретінде алып тастау саясаты оның тең қорғау құқықтарын жоққа шығаратынын мәлімдеді. Төмендегі тұжырымдардың қайсысы ең дәл?",кәсіби_құқық," [«Талапкер жеңіледі, себебі жынысына негізделген жіктеулер әлі тең қорғау туралы ережені бұзады деп танылмаған». «Әйелдерге мүшеліктен бас тартуды қандай да бір «мәжбүрлі мүдделер» ақтауға болмайтын жағдайда, талапкер жеңіске жетеді, себебі мұндай кемсітушілік «күдікті» болып табылады және ең қатаң тең қорғау сынағын талап етеді». «Талапкер жеңіледі, себебі әйелдерге басқа да ұқсас жағдайлар қолжетімді». «Компания әйелдерді алып тастаудың маңызды негізін дәлелдей алмаса, талапкер жеңіске жетеді».",3,Sheet1
"Егер біреу сіз бірдеңе жасасаңыз, бұл ауыр зардаптарға әкеледі деп айтса, бірақ сіздің әрекетіңіз бен сол салдарлар арасындағы себеп-салдарлық байланыстың дәлелі болмаса, онда сол адам келесі қателіктердің қайсысын жасаған болуы мүмкін?", логикалық_қателіктері, ['ad nauseam' 'өздігінен айқын шындықтар' 'тайғақ беткей' 'жасырын дәлелдер'],2,Sheet1
 «Today» шоуының бұрынғы кейіпкері «The Hogan Family» телехикаясында көршінің рөлін ойнады?, әртүрлі, ['Джейн Паули' 'Уиллард Скотт' 'Дебора Норвилл' 'Джо Гарагиола'],1,Sheet1
Төмендегілердің қайсысы шығынға негізделген баға белгілеудің мысалы болып табылады?, маркетинг, ['Бағаны тұтынушы төлеуге дайын сомасына негіздеу' 'Бағаны тұтынушының психологиялық күтулеріне негіздеу' 'Бағаны өнімнің ерекшеліктері мен артықшылықтарына негіздеу' 'Бағаны өндірістің толық құны мен қажетті пайдаға негіздеу'],3,Sheet1
Төмендегілердің қайсысы ХВҚ түзету саясатының экономикалық мақсаттарына жатады?, қауіпсіздікті зерттеу," ['Экспортты ынталандыру және импортқа деген сұранысты олардың бағасын көтеру арқылы азайту үшін девальвация.' 'Жалпы сұранысты, демек, импортқа деген сұранысты азайту үшін жоғары пайыздық мөлшерлемелермен қатаң ақша-несие және несие саясаты; инфляция деңгейін шектеу немесе төмендету.' 'Осы нұсқалардың барлығы.' 'Бюджет тапшылығын азайту және үкіметтік қарыздың өсуін баяулату үшін мемлекеттік шығындарды қысқарту.']",2,Sheet1
 Жеке жабық экономиканың айналмалы ағын моделіндегі келесі нұсқалардың ішіндегі ең тікелей алмасу қашан болады, орта мектеп_макроэкономикасы, ['үй шаруашылықтары фирмаларға жалақы төлемдерінің орнына тауарлар береді.' 'үй шаруашылықтары фирмаларға тауарлардың орнына ресурстар береді.' 'үй шаруашылықтары фирмаларға жалақы төлемдерінің орнына кіріс береді.' 'фирмалар үй шаруашылықтарына табыстың орнына тауарлар жеткізеді.',3,Sheet1
